Artist,Songs,Genre 1,Genre 2,Genre 3,Genre 4,Genre 5
+44,1,pop punk,punk rock,alternative,alternative rock,rock
3 doors down,1,rock,alternative rock,alternative,hard rock,3 Doors Down
30 seconds to mars,2,alternative rock,rock,alternative,emo,indie
311,2,alternative,rock,alternative rock,reggae,ska
5 seconds of summer,1,pop rock,pop punk,rock,pop,australian
a day to remember,4,post-hardcore,hardcore,pop punk,screamo,emocore
a perfect circle,1,alternative rock,Progressive rock,rock,alternative,metal
acdc,41,hard rock,classic rock,rock n roll,rock,heavy metal
afi,12,punk,punk rock,rock,alternative,emo
aka george,1,indie,electronic,rock,british,pop
axty,1,metalcore,DJENT,electronic,alternative rock,brazil
accept,1,heavy metal,hard rock,metal,german,Power metal
adelitas way,5,alternative rock,hard rock,rock,post-grunge,modern rock
adema,1,Nu Metal,rock,alternative rock,metal,Nu-metal
aerosmith,11,rock,classic rock,hard rock,80s,70s
against me!,4,punk,folk punk,,punk rock,rock
against the current,1,pop punk,rock,pop rock,alternative,pop
airbourne,19,hard rock,rock,,australian,rock n roll
akado,2,industrial,visual kei,Nu Metal,alternative,Shizo-nu-metal
alestorm,1,folk metal,pirate metal,Power metal,true scottish pirate metal,Scottish
alffa,1,rock,british,UK,welsh,cymraeg
aliados,1,rock,brazil,pop rock,rock pop brasilian,alternative rock
alice cooper,1,hard rock,classic rock,rock,heavy metal,glam rock
alice in chains,14,Grunge,rock,alternative rock,hard rock,alternative
alien ant farm,3,rock,alternative rock,alternative,punk rock,punk
all american rejects,1,alternative rock,punk rock,pop rock,emo,american
all that remains,1,metalcore,Melodic Death Metal,metal,hardcore,
all time low,3,pop punk,rock,Power pop,,emo
all the postcards,1,punk,brazil,brazil,melodic hardcore,brazil
allison,2,pop punk,rock,spanish,pop,punk
alt-j,1,indie,electronic,,british,alternative
alter bridge,12,rock,alternative rock,hard rock,post-grunge,alternative
amaranthe,5,Melodic Death Metal,Power metal,modern metal,Pop Metal,Female fronted metal
amatory,2,metalcore,alternative,Nu Metal,russian alternative,Nu-metal
american authors,2,indie,indie rock,rock,american,pop rock
american avenue,1,emo,punk rock,pop punk,melodic punk,
american hi-fi,1,rock,punk rock,pop punk,alternative,punk
amy shark,1,pop,,female vocalist,australian,indie pop
amy winehouse,2,soul,jazz,female vocalist,british,singer-songwriter
anacondaz,1,Hip-Hop,underground hip-hop,russian,abstract hip-hop,rap
anarbor,1,pop punk,rock,indie,punk rock,indie pop
andrew w. k.,1,rock,party metal,alternative,Delete,hard rock
andrew watt,2,rock,alternative,american,watt,andrew watt
andy black,1,rock,alternative rock,alternative,indie,pop
andy grammer,1,pop,singer-songwriter,acoustic,,american
angels & airwaves,1,alternative rock,rock,alternative,,indie
angie,1,pop,electropop,dance,Neue Deutsche Welle,mexico
ankor,1,metal,Power metal,Spanish Metal,Progressive metal,metalcore
annisokay,1,post-hardcore,metalcore,german,rock,emo
anouk,1,rock,female vocalist,dutch,,pop
anthrax,5,thrash metal,metal,heavy metal,speed metal,
anti-flag,26,punk,punk rock,,political,political punk
apocalyptica,2,symphonic metal,instrumental,metal,finnish,
april wine,1,classic rock,hard rock,rock,canada,heavy metal
architects,3,metalcore,mathcore,hardcore,,metal
arctic monkeys,26,indie rock,indie,british,rock,alternative
aretha franklin,1,soul,female vocalist,jazz,blues,rhythm and blues
armin van buuren,1,trance,electronic,progressive trance,vocal trance,dance
art of dying,1,alternative rock,hard rock,rock,alternative,canada
art of anarchy,2,hard rock,Grunge,rock,Post Grunge,alternative rock
as i may,1,metalcore,metal,modern metal,suomi metalli,mikkelicore
asking alexandria,7,post-hardcore,metalcore,screamo,electronic,hardcore
aston merrygold,1,pop,british,United Kingdom,British Male Vocalists,the masked singer
aterciopelados,1,Colombia,Rock en Espanol,latin,rock,female vocalist
atlantida project,2,cyberfolk,russian,female vocalist,folk,electronic
atreyu,4,metalcore,hardcore,metal,screamo,rock
audioslave,11,rock,alternative rock,hard rock,alternative,Grunge
audrey horne,1,hard rock,,rock,alternative rock,alternative metal
aurthohin,1,bangla,bangladesh,innovatrs of bangla rock,hard rock,Bangla Metal
autoramas,1,Garage Rock,rock,brazil,alternative rock,
avatar,7,Melodic Death Metal,,death metal,swedish,metal
avenged sevenfold,31,metalcore,metal,hard rock,hardcore,rock
averse,1,progressive black metal,black metal,Progressive metal,atmospheric black metal,french
avril lavigne,9,pop,pop rock,rock,female vocalist,canada
awolnation,2,electronic,indie,alternative,indie rock,rock
bb king,1,blues,jazz,bb king,,rock
bones uk,8,industrial rock,alternative rock,blues rock,rock,alternative
brvnks,1,indie pop,brazil,brazil,indie lo-fi,
btrx,2,rock,alternative rock,Independent Rock,,
babamania,4,J-rock,japanese,rock,alternative rock,alternative punk
bad 4 good,1,hard rock,rock,melodic heavy metal,melodic rock,male vocalists
bad omens,3,metalcore,post-hardcore,alternative metal,alternative rock,american
bad religion,7,punk,punk rock,,political,rock
bad wolves,1,groove metal,alternative metal,,DJENT,metalcore
badflower,5,rock,alternative rock,,emo,indie
baha men,1,reggae,pop,dancehall,rap,dance
baleia,1,brazil,,jazz,alternative,experimental
barns courtney,2,,singer-songwriter,alternative,folk,british
baroness,1,Sludge,Progressive metal,metal,post-rock,sludge metal
barrett strong,1,soul,motown,rhythm and blues,60s,rnb
beartooth,6,post-hardcore,metalcore,hardcore,,metal
beast in black,1,Power metal,heavy metal,,metal,finnish
beastie boys,15,Hip-Hop,rap,alternative,Hip-Hop,
bee gees,1,Disco,pop,70s,classic rock,oldies
beginners,3,indie rock,rock,indie,Garage Rock,electronic
ben e king,1,soul,60s,All,yanfire,yan drive
benny goodman,1,jazz,swing,Big Band,clarinet,oldies
betzefer,1,metalcore,groove metal,thrash metal,,metal
beware of darkness,4,indie rock,alternative,rock,blues rock,
beyond the black,2,symphonic metal,Power metal,Female fronted metal,metal,
beyond unbroken,1,alternative rock,post-hardcore,modern rock,metalcore,emo
big data,4,electronic,american,synthpop,,indie
bikini kill,1,riot grrrl,punk,female vocalist,punk rock,indie
bill conti,1,Soundtrack,composer,instrumental,rocky,score
billie joe armstrong,1,punk,punk rock,rock,Great Lyricist,green day
billy idol,2,rock,80s,new wave,classic rock,punk
billy ocean,2,80s,pop,soul,Disco,rnb
billy talent,23,punk rock,,rock,punk,alternative
bishop briggs,1,indie,british,pop,indie rock,alternative
biting elbows,1,alternative,indie rock,post-punk,alternative rock,russian
black coffee,1,House,jazz,soul,blues,funk
black days,2,brazil,metalcore,rock,hardcore,Greek
black eyed peas,2,Hip-Hop,pop,rnb,rap,Hip-Hop
black label society,5,heavy metal,metal,hard rock,Southern metal,
black light burns,1,industrial rock,industrial,alternative rock,alternative,rock
black pistol fire,4,blues rock,Garage Rock,Southern Rock,blues,rock
black rain,1,dark ambient,industrial,black metal,techno,hard rock
black rebel motorcycle club,6,rock,indie rock,indie,,alternative rock
black sabbath,15,heavy metal,hard rock,classic rock,metal,rock
black smoke trigger,1,alternative rock,hard rock,heavy metal,alternative metal,blues rock
black star riders,1,hard rock,classic rock,rock,,heavy metal
black stone cherry,11,hard rock,Southern Rock,rock,Stoner Rock,
black veil brides,9,post-hardcore,screamo,rock,Gothic Glam,emo
blackberry smoke,1,Southern Rock,blues rock,rock,country rock,
blacklite district,1,alternative metal,modern rock,electronic,alternative rock,rock
blake shelton,1,country,modern country,Blake Shelton,male country,My Country
bleeker,1,rock,alternative,alternative rock,canada,liszaj radio
blind guardian,2,Power metal,speed metal,metal,heavy metal,symphonic metal
blind pigs,1,punk rock,punk,hardcore,brazil,brazilian punk
blink-182,41,punk rock,pop punk,punk,rock,alternative
blondie,1,new wave,80s,rock,female vocalist,pop
blood red shoes,3,indie rock,,indie,Garage Rock,british
bloodywood,2,metal,Indian,folk metal,Nu Metal,india
blossoms,1,,indie,indie rock,UK,rock
blue stahli,2,industrial,electronic,alternative,fixt music,electronic
blue swede,1,classic rock,rock,swedish,70s,oldies
blues pills,3,blues rock,Psychedelic Rock,Stoner Rock,,hard rock
blues saraceno,1,instrumental rock,instrumental,guitar,guitar virtuoso,rock
blues traveler,1,blues,rock,blues rock,alternative,jam band
blur,2,britpop,rock,indie,alternative,british
bob bradley,1,television,songwriter,under 2000 listeners,gareth johnson,
body count,6,crossover,rapcore,hardcore,metal,rap metal
boikot,1,punk rock,punk,ska,spanish,Spanish Rock
bon jovi,6,rock,hard rock,classic rock,80s,Glam Metal
bonnie tyler,1,80s,pop,female vocalist,rock,classic rock
bowling for soup,5,pop punk,punk rock,rock,punk,alternative
boxcar racer,4,pop punk,punk rock,punk,rock,emo
boys like girls,1,pop punk,alternative,rock,emo,indie
brand new,1,emo,rock,alternative,,indie
brantley gilbert,1,country,male vocalists,country rock,Real Country,
breaking benjamin,2,alternative rock,rock,hard rock,alternative,metal
breakout,1,blues,polish,blues rock,rock,classic rock
bring me the horizon,25,deathcore,metalcore,hardcore,screamo,metal
britney spears & deftones,1,pop,trashpop,,,
britney spears,1,pop,dance,female vocalist,Britney Spears,legend
brody dalle,3,rock,female vocalist,alternative rock,,musicians I would bang
bruno mars,1,pop,rnb,male vocalists,r&b,slow jams
brutto,1,rock,Belarusian,punk,punk rock,alternative
buckcherry,4,hard rock,rock,alternative rock,alternative,Grunge
buckethead,1,experimental,instrumental,guitar virtuoso,Avant-Garde,Progressive rock
bullet bane,8,hardcore,melodic hardcore,punk rock,,punk
bullet for my valentine,12,metalcore,metal,hardcore,emocore,
bury tomorrow,1,metalcore,melodic metalcore,hardcore,british,
bush,2,Grunge,rock,alternative rock,alternative,90s
cpm 22,29,hardcore,rock,brazil,melodic hardcore,brazil
crx,3,,indie rock,rock,power pop,american
csi,1,alternative,italian,rock,giovanni lindo ferretti,experimental
cab calloway,1,jazz,swing,Big Band,blues,oldies
caesars,9,indie,rock,swedish,indie rock,alternative
cage the elephant,4,indie rock,alternative,rock,indie,punk rock
caju e castanha,3,rap,brazil,brazil,repente,Hip-Hop
cake,2,alternative,rock,indie,alternative rock,indie rock
calva louise,9,Garage Rock,alternative rock,indie rock,UK,rock
cam cole,1,blues,british,rock,folk,UK
caméléon,1,under 2000 listeners,french hard rock,,,
caparezza,2,italian,rap,Hip-Hop,italian rap,Hip-Hop
capital cities,1,electronic,indie,electropop,pop,rock
capital inicial,1,rock,brazil,pop rock,brazil,brazil
captives,2,rock,alternative rock,emo,post-hardcore,indie rock
carl carlton,1,funk,soul,Disco,70s,pop
casey edwards,1,Soundtrack,american,electronic,bang bang bang,
cassia,1,,indie,indie pop,pop,rock
cassia eller,1,mpb,rock,brazil,brazil,cassia eller
catfish and the bottlemen,3,indie rock,,british,indie,rock
cefa,2,post-hardcore,experimental,christian,alternative rock,hardcore
chameleon,1,Drum and bass,techno,electronic,dnb,detroit techno
charles mingus,1,jazz,bebop,bass,Avant-Garde,Post-Bop
charlie brown jr,7,alternative rock,rock,,brazil,skate punk
chase & status and blossoms,1,Drum and bass,electronic,,dubstep,Drum and bass
cherri bomb,1,rock,alternative rock,female vocalist,alternative,post-grunge
chester bennington,1,alternative rock,rock,Nu Metal,alternative,metal
chevelle,2,alternative rock,rock,alternative metal,alternative,hard rock
chic,1,Disco,funk,soul,70s,dance
chubby checker,1,rock n roll,60s,twist,oldies,rock n roll
chuck berry,3,rock n roll,classic rock,blues,rock n roll,rock
cinderella,1,hard rock,Glam Metal,Glam Metal,80s,rock
citizen zero,2,,United States,,,
cleopatrick,1,rock,Garage Rock,canada,alternative,alternative rock
clutch,4,Stoner Rock,hard rock,rock,stoner,
comeback kid,4,hardcore,melodic hardcore,,hardcore punk,punk
counting crows,1,rock,alternative,alternative rock,90s,
cracker blues,1,blues,Southern Rock,rock,brazil,country
crash kings,2,indie rock,piano rock,rock,alternative rock,alternative
creed,1,rock,alternative rock,hard rock,alternative,Grunge
creedence clearwater revival,1,classic rock,rock,Southern Rock,60s,folk
crown the empire,1,post-hardcore,electronic,metalcore,trancecore,screamo
crucified barbara,1,hard rock,heavy metal,Female fronted metal,,metal
cry excess,2,,alternative metal,metalcore,electronic,industrial metal
cryptic fate,1,heavy metal,Bangla Metal,bangladesh,bangladeshi,innovatrs of bangla rock
crystal palace,1,Progressive rock,germany,art rock,Progressive,
cult to follow,1,alternative metal,alternative rock,Nu Metal,hard rock,alternative
d-a-d,1,hard rock,rock,,danish,Glam Metal
diamante,7,hard rock,rock,female vocalist,heavy metal,alternative rock
dan croll,1,indie pop,indie,electronic,,pop
dan owen,1,singer-songwriter,,rock,folk,british
dandy warhols,3,indie,dream pop,rock,groovy,jecks
dangerkids,1,post-hardcore,rapcore,electronic,alternative rock,Rap-Rock
danko jones,9,,rock,hard rock,canada,alternative
danzig,1,heavy metal,hard rock,metal,rock,horror punk
darlia,8,,indie,rock,british,alternative
darshan,2,goa,psytrance,Goa Trance,psychedelic,psychedelic trance
darude,1,trance,electronic,dance,techno,electronic
dashboard confessional,1,emo,indie,acoustic,rock,alternative
dave brubeck,1,jazz,piano,jazz piano,cool jazz,instrumental
dayseeker,1,post-hardcore,metalcore,alternative rock,alternative metal,rock
daði freyr,1,icelandic,pop,synthpop,Eurovision,
dead fish,2,hardcore,punk rock,brazil,melodic hardcore,political
dead kennedys,1,punk,punk rock,hardcore punk,hardcore,political
dead posey,1,rock,indie rock,female vocalist,female fronted,indie
dead sara,9,rock,alternative rock,female vocalist,alternative,indie
death from above,2,d-beat,Brasilian D-beat,Crust,punk,hardcore
deb and the mentals,1,Grunge,,female vocalist,brazil,rock doido
declan mckenna,1,,indie pop,indie,indie rock,electronic
decyfer down,1,christian rock,alternative rock,rock,christian,modern rock
dee snider,1,heavy metal,hard rock,Glam Metal,metal,
deepfield,1,alternative rock,post-grunge,rock,alternative,Post Grunge
def leppard,3,hard rock,classic rock,rock,80s,Glam Metal
default,1,rock,alternative rock,alternative,canada,hard rock
delain,1,symphonic metal,Gothic Metal,Female fronted metal,metal,dutch
demob happy,1,,Grunge,indie rock,alternative rock,Garage Rock
demon hunter,1,metalcore,metal,christian metal,christian,hardcore
der baum,4,new wave,brazil,rock,post-punk,
des rocs,2,rock,,alternative rock,indie rock,indie
desakato,2,punk rock,rock,punk,Asturies,
descendents,4,punk,punk rock,hardcore punk,pop punk,hardcore
devilskin,1,hard rock,New Zealand,alternative metal,,rock
dibob,1,hardcore,brazil,rock,pop,punk
dick dale,1,surf rock,Surf,instrumental,rock,classic rock
dinosaur pile-up,4,,indie rock,alternative,Grunge,indie
dirty honey,2,hard rock,blues rock,,rock,american
dirty loops,2,funk,Fusion,jazz,pop,experimental
disaster cities,2,indie,alternative,brazil,stoner,bluesrock
discharge,1,hardcore punk,d-beat,punk,Crust,hardcore
discrepancies,1,rapcore,alternative rock,Nu Metal,rap metal,rock
disturbed,24,metal,Nu Metal,hard rock,rock,alternative
don broco,4,,post-hardcore,rock,alternative rock,alternative
dona cislene,2,rock,hardcore,brazil,brazil,alternative
dope,2,industrial metal,Nu Metal,metal,industrial,rock
doro,1,heavy metal,hard rock,Female fronted metal,female vocalist,metal
dorothy,11,rock,hard rock,blues rock,indie,Garage Rock
downplay,1,alternative rock,post-grunge,hard rock,rock,alternative
downset,1,hardcore,rapcore,crossover,metal,alternative
dr. saxlove,1,jazz,instrumental,american,saxophone,american
drag me out,1,govno,zoophile,pidor,xyecoc,post-hardcore
dragged under,1,post-hardcore,metalcore,hardcore,Easycore,punk
dragonforce,3,Power metal,speed metal,metal,,Extreme Power Metal
dream state,2,post-hardcore,piano rock,rock,alternative rock,alternative
dropkick murphys,4,punk,punk rock,,folk punk,irish
drowning pool,4,Nu Metal,metal,hard rock,alternative metal,rock
drugs,1,funk,Black Rock,soul,funk-rock,black metal
durry,1,indie rock,punk,indie pop,powerviolence,
dust in mind,1,industrial metal,Melodic Death Metal,metal,modern metal,Female fronted metal
dylan,5,Drum and bass,darkstep,,dnb,Drum and bass
emf,1,90s,pop,electronic,rock,alternative
erra,1,Progressive Metalcore,metalcore,melodic metalcore,Technical Metalcore,post-hardcore
etno,4,brazil,Romanian,rock,alternative metal,Nu Metal
eagles,1,classic rock,rock,70s,soft rock,country
eagles of death metal,5,,Stoner Rock,rock,Garage Rock,alternative rock
"earth, wind & fire",1,funk,soul,Disco,american,rnb
eddy grant,1,reggae,80s,pop,reggae-pop,dance
edith piaf,1,french,female vocalist,chanson,chanson francaise,oldies
ego kill talent,7,,brazil,rock,alternative rock,hard rock
egypt central,3,alternative rock,alternative metal,hard rock,rock,alternative
elle king,1,indie pop,rock,female vocalist,blues,
elvis presley,16,rock n roll,classic rock,rock,oldies,rock n roll
elyose,1,Female fronted metal,industrial metal,,metal,symphonic metal
eminem,3,rap,Hip-Hop,Eminem,Hip-Hop,pop
emmercia,1,metalcore,hardcore,under 2000 listeners,post hardcore,
ennio morricone,3,Soundtrack,instrumental,Classical,composer,italian
escape the fate,8,post-hardcore,screamo,emocore,hardcore,emo
eskimo callboy,3,post-hardcore,trancecore,metalcore,electronic,experimental
europe,1,hard rock,rock,80s,classic rock,Glam Metal
evanescence,6,rock,Gothic Rock,female vocalist,Gothic,alternative
evans blue,1,alternative rock,rock,hard rock,alternative,alternative metal
evarose,2,rock,female vocalist,alternative rock,alternative,british
every time i die,1,hardcore,metalcore,,Southern Rock,screamo
exodus,1,thrash metal,metal,speed metal,,heavy metal
extreme,2,hard rock,rock,funk metal,Glam Metal,metal
fever 333,9,rapcore,post-hardcore,,alternative metal,rock
fpg,3,Punk-Rock,russian,streetpunk,,
fabulous bandits,1,bluegrass,country,hillbilly,Alt-country,vi ao vivo
face to face,1,punk rock,punk,,pop punk,rock
fall out boy,14,pop punk,rock,emo,alternative,punk
fallcie,2,metalcore,Female fronted metal,post-hardcore,alternative,Melodic Death Metal
falling in reverse,10,post-hardcore,screamo,rock,hardcore,ronnie radke
false heads,1,indie rock,punk rock,Garage Rock,alternative rock,Garage Punk
fantastic negrito,1,blues,soul,funk,blues rock,rock
far from alaska,22,Stoner Rock,rock,alternative rock,brazil,female vocalist
feeder,1,rock,,indie,alternative,alternative rock
felicity,1,pop punk,hard rock,trash rock,Easycore,Soundtrack
fenix tx,1,pop punk,punk rock,punk,rock,
fergie,1,pop,rnb,female vocalist,Hip-Hop,dance
fidlar,1,Garage Rock,Lo-Fi,punk,,skate punk
filter,1,rock,alternative rock,alternative,industrial rock,industrial
finger eleven,2,alternative rock,rock,alternative,hard rock,canada
finley,1,italian,pop punk,hardpop,pop rock,pop
fire from the gods,2,metalcore,deathcore,electronic,Nintendocore,experimental
fireflight,1,christian rock,rock,alternative rock,female vocalist,christian
fistt,1,hardcore,punk rock,melodic hardcore,rock,Fistt
fit for rivals,11,alternative rock,rock,punk rock,alternative,punk
fitz and the tantrums,1,soul,pop,,indie,funk
five finger death punch,21,metalcore,groove metal,metal,thrash metal,hardcore
flamenco,2,jazz,heavy metal,new age,beautiful,Gothic Metal
flaw,1,Nu Metal,alternative metal,metal,hard rock,rock
flics,1,post-punk,,,,
flyleaf,1,alternative rock,female vocalist,rock,alternative,hard rock
foals,1,indie,math rock,indie rock,british,
focus,1,Progressive rock,classic rock,rock,dutch,Progressive
foo fighters,24,rock,alternative rock,Grunge,alternative,
footloose,1,80s,musical,rock,musicals,Southern Rock
forfun,1,rock,hardcore,brazil,pop punk,reggae
fozzy,3,heavy metal,hard rock,metal,rock,
framing hanley,1,alternative rock,rock,post-hardcore,alternative,indie
franz ferdinand,2,indie,indie rock,rock,alternative,
fresno,3,rock,emo,brazil,hardcore,emocore
from ashes to new,2,rapcore,alternative metal,electronic,Nu-metal,Nu Metal
fuel,1,rock,alternative rock,alternative,post-grunge,hard rock
fugazi,1,post-hardcore,punk,indie,hardcore,indie rock
fun.,1,indie pop,indie,alternative,pop,rock
funkadelic,2,funk,soul,psychedelic,p-funk,rock
furia inc.,1,groove metal,thrash metal,brazil,metal,
fused,1,lounge,downtempo,chillout,trip-hop,pop punk
gabriel o pensador,1,rap,brazil,Hip-Hop,political,brazil
ganggorra,2,rock,punk rock,brazil,,
gary glitter,1,glam rock,70s,classic rock,rock,glam
george baker,1,rock,classic rock,oldies,Soundtrack,dutch
george clinton,2,funk,p-funk,soul,,jazz
ghost,8,heavy metal,Psychedelic Rock,doom metal,,psychedelic
ghosts of august,2,hard rock,modern rock,post-grunge,rock,alternative rock
giant rooks,1,,alternative,indie pop,german,indie
glenn miller,1,jazz,swing,Big Band,40s,oldies
gloria,3,post-hardcore,screamo,brazil,rock,metalcore
gnarls barkley,1,funk,soul,Hip-Hop,alternative,Hip-Hop
godsmack,5,hard rock,metal,Nu Metal,rock,alternative
gojira,4,death metal,Progressive metal,progressive death metal,,metal
goldfrapp,2,electronic,trip-hop,female vocalist,electronic,dance
good charlotte,3,punk rock,pop punk,rock,punk,alternative
goodbye june,2,blues rock,hard rock,rock,Southern Rock,Nashville
goody grace,1,Hip-Hop,indie,alternative,rap,singer-songwriter
gorky park,1,hard rock,rock,russian,russian,glam rock
gotthard,1,hard rock,rock,melodic rock,heavy metal,swiss
grand funk railroad,2,classic rock,hard rock,rock,70s,funk
grandson,13,indie rock,alternative,alternative rock,rock,
green day,74,punk rock,rock,punk,alternative,pop punk
greta van fleet,1,hard rock,rock,blues rock,Led Zeppelin,
grimes,1,electronic,dream pop,experimental,psychedelic,canada
grinspoon,1,,australian,rock,alternative,alternative rock
grumpster,1,punk rock,Garage Rock,pop punk,rock,punk
guano apes,4,rock,alternative rock,alternative,female vocalist,german
guess who,1,Hip-Hop,rap,Romanian Hip-Hop,Guess Who,Romanian
guns n' roses,6,hard rock,rock,classic rock,80s,metal
haim,2,indie pop,indie,,female vocalist,indie rock
him,2,Love Metal,Gothic Rock,rock,finnish,metal
halestorm,20,hard rock,female vocalist,rock,alternative rock,alternative metal
half kids,1,pop punk,crappy punk rock,,,
halfnoise,2,post-rock,indie,dream pop,,indie pop
halocene,2,rock,alternative rock,female vocalist,alternative,pop rock
halsey,1,pop,indie pop,indie,,female vocalist
hammerfall,3,Power metal,heavy metal,metal,swedish,
hands off gretel,2,Grunge,punk,rock,alternative rock,riot grrrl
hatebreed,2,hardcore,metalcore,,metal,moshcore
have no heroes,1,punk rock,skate punk,melodic punk,latvia,skatepunk
hawthorne heights,1,emo,screamo,rock,alternative,
haymaker,1,hardcore,thrashcore,hardcore punk,thrash,Oi
helia,1,trancecore,post-hardcore,experimental,screamo,Nintendocore
hell or highwater,1,hard rock,alternative rock,rock,punk rock,melodic hardcore
helloween,1,Power metal,heavy metal,speed metal,metal,german
hellyeah,1,groove metal,heavy metal,metal,Southern metal,hard rock
helmet,1,alternative metal,metal,hardcore,rock,alternative
herb alpert,2,jazz,instrumental,easy listening,trumpet,chill
hermitude,1,instrumental hip-hop,Hip-Hop,downbeat,australian,
highly suspect,15,rock,alternative rock,alternative,blues rock,hard rock
himalayas,5,indie rock,Garage Rock,british,welsh,rock
hit the lights,1,pop punk,,emo,rock,alternative
hockey dad,1,Garage Rock,surf rock,rock,australian,
hole,1,Grunge,female vocalist,rock,alternative,alternative rock
hollow point heroes,1,modern rock,alternative metal,alt. metal,alternative,United States
hollywood undead,4,rapcore,rap,hardcore,screamo,emo
holy wars,1,rock,indie,alternative rock,alternative,indie rock
honey revenge,1,pop,pop punk,California,female vocal,los angeles
hot chocolate,1,Disco,funk,70s,soul,pop
hot mulligan,2,pop punk,emo,midwest emo,math rock,indie rock
hotel mira,1,indie,rock,indie rock,Vancouver,FM
hourcast,1,hard rock,alternative metal,alternative rock,Nu Metal,metal
hudson,1,indie,acoustic,folk,power pop,hudson
hushpuppies,2,,indie,french,indie rock,rock
hämatom,1,,industrial metal,Neue Deutsche Haerte,groove metal,metal
héroes del silencio,1,rock,Spanish Rock,spanish,Rock en Espanol,hard rock
i dont know how but they found me,1,alternative rock,synthpop,indie pop,indie,indie rock
i prevail,10,post-hardcore,metalcore,rock,alternative metal,metal
inxs,2,rock,80s,new wave,australian,pop
iowa,4,indie,female vocalist,pop,indie rock,russian
ice nine kills,2,post-hardcore,screamo,metalcore,emo,rock
icon for hire,5,alternative rock,female vocalist,rock,alternative,hard rock
idles,1,post-punk,Crank wave,,post-hardcore,punk
il teatro degli orrori,2,alternative rock,italian,post-punk,noise,alternative
imagine dragons,2,indie,indie rock,alternative,rock,indie pop
imperial state electric,1,hard rock,rock,,swedish,Garage Rock
impractical jokers,1,television,comedy,sal,impractical jokers,
in evil hour,1,punk rock,,british,UK,england
in flames,6,Melodic Death Metal,metal,death metal,,swedish
incubus,6,alternative rock,rock,alternative,,indie
inocentes,1,punk rock,punk,brazilian punk,brazil,brazil
instinto,10,Crust,d-beat,hardcore,spain,hardcore punk
irie révoltés,2,reggae,ska,,dancehall,french
iron maiden,9,heavy metal,metal,NWOBHM,,hard rock
isaac anderson,1,,british,seen live more than once,,
ivete sangalo,2,Axe,mpb,latin,brazil,pop
jack white,8,rock,blues,singer-songwriter,indie,folk
jade bird,1,folk,,singer-songwriter,acoustic,indie
james bay,1,folk,indie,singer-songwriter,british,
james brown,5,funk,soul,rhythm and blues,blues,rnb
jane's addiction,4,alternative rock,rock,alternative,Grunge,hard rock
janes addiction,1,hard rock,rock,alternative,heavy,jane's addiction
jared dines,1,deathcore,metalcore,DJENT,brutal deathcore,Progressive Metalcore
jerry cantrell,1,Grunge,rock,hard rock,alternative rock,alternative
jerry lee lewis,1,rockabilly,rock n roll,rock n roll,oldies,classic rock
jet,11,rock,alternative,alternative rock,indie,indie rock
jimi hendrix,5,classic rock,rock,blues,psychedelic,guitar
jimmy & rats,1,country,,,,
jimmy eat world,3,rock,alternative,emo,alternative rock,
joan jett,3,rock,female vocalist,classic rock,80s,punk
joe esposito,1,80s,Soundtrack,rock,one hit wonder,ytmnd
joe inoue,1,J-rock,japanese,j-pop,rock,american
joe walsh,1,classic rock,rock,Southern Rock,blues,hard rock
joey ramone,1,punk,punk rock,rock,classic rock,alternative
john 5,1,instrumental,guitar virtuoso,metal,rock,industrial
john denver,1,country,folk,singer-songwriter,acoustic,classic rock
johnny cash,8,country,folk,singer-songwriter,classic rock,rock
judas priest,18,heavy metal,metal,hard rock,NWOBHM,classic rock
junior senior,1,dance,electronic,pop,danish,electronic
just the girl,1,indescribable,,,,
k.flay,17,Hip-Hop,rap,indie,Hip-Hop,
kongos,5,rock,alternative rock,folk,,south african
kxm,1,hard rock,rock,alternative rock,alternative metal,Progressive rock
kyuss,1,Stoner Rock,desert rock,stoner,stoner metal,rock
kaiser chiefs,12,indie,indie rock,,britpop,rock
kaleo,2,rock,icelandic,,blues rock,alternative rock
kalevala,1,Progressive rock,folk metal,finnish,Finnish prog,russian
kana-boon,1,J-rock,japanese,rock,indie,indie rock
kane strang,1,New Zealand,indie,singer-songwriter,indie folk,folk
kasabian,35,indie,indie rock,british,alternative,rock
kennyhoopla,2,pop punk,indie,,punk,alternative
kent,1,swedish,,rock,indie,alternative
killer be killed,1,groove metal,thrash metal,metal,metalcore,hardcore
killing joke,1,post-punk,industrial,new wave,industrial rock,rock
killswitch engage,1,metalcore,metal,,hardcore,Melodic Death Metal
kingdom collapse,1,alternative metal,metalcore,Nu Metal,,
kings of leon,1,rock,indie,indie rock,alternative,
kiss,14,hard rock,classic rock,glam rock,rock,80s
kix,1,hard rock,Glam Metal,Glam Metal,80s,rock
korn,26,Nu Metal,metal,alternative,rock,Nu-metal
kobra and the lotus,1,heavy metal,hard rock,Power metal,metal,female vocalist
kool & the gang,3,funk,Disco,soul,male vocalists,
l.a. guns,2,hard rock,Glam Metal,glam rock,80s,rock
l.s. dunes,1,post-hardcore,alternative rock,emo,,Progressive rock
l7,1,Grunge,riot grrrl,punk,female vocalist,rock
lacey sturm,2,christian rock,alternative rock,female vocalist,christian,post-grunge
lacuna coil,11,Gothic Metal,metal,Female fronted metal,female vocalist,Gothic
lamb of god,1,metalcore,groove metal,metal,thrash metal,death metal
lansdowne,1,alternative rock,modern rock,alternative,rock,
led zeppelin,8,classic rock,rock,hard rock,70s,Progressive rock
ledger,1,rock,british,female vocalist,pop rock,Skillet
leeds,1,Ballad,easy listening,covers,pop,female vocalist
lenny kravitz,4,rock,funk,alternative,pop,alternative rock
leo moracchioli,21,metal,norwegian,hard rock,metal,heavy metal
less than jake,2,ska,,ska punk,punk,punk rock
letlive,1,post-hardcore,experimental,,hardcore,progressive hardcore
lisa,1,j-pop,japanese,Hip-Hop,female vocalist,k-pop
liam gallagher,2,britpop,rock,british,,god
like a storm,2,alternative rock,hard rock,rock,,alternative
lilith czar,1,rock,alternative rock,hard rock,,industrial rock
lillasyster,1,,hard rock,swedish,rock,hardcore
lily allen,1,pop,female vocalist,british,britpop,singer-songwriter
lime cordiale,1,indie,australian,indie pop,,indie rock
limp bizkit,9,Nu Metal,rapcore,rock,alternative,metal
lindemann,1,industrial metal,industrial,metal,german,swedish
linea 77,1,Nu Metal,crossover,italian,rapcore,alternative
linkin park,24,rock,Nu Metal,alternative rock,alternative,metal
lipps inc,1,funk,Disco,80s,funky town,70s
lit,1,rock,alternative rock,alternative,pop punk,punk
litfiba,2,rock,italian,new wave,italian rock,alternative rock
little big,4,electronic,Rave,russian,govno,
liverpool,2,brazil,psychedelic,brazil,brazil,brazil
living in fiction,2,post-hardcore,alternative rock,american,american,heavy alternative rock
loikaemie,1,Oi,punk,Skinhead,german,punk rock
lord of the lost,1,Gothic Rock,Gothic Metal,german,glam rock,
lordi,1,hard rock,heavy metal,finnish,metal,
los fabulosos cadillacs,1,ska,argentina,Rock Argentino,latin,rock
lost in sight,1,metalcore,rock,alternative,heavy,
lostprophets,2,rock,alternative rock,alternative,,emo
louis prima,1,swing,jazz,Big Band,lounge,jazz vocal
louna,4,alternative,alternative rock,russian,Nu-metal,russian alternative
loveless,1,japanese,anime,J-rock,Post-Black Metal,female vocalist
lower than atlantis,3,hardcore,melodic hardcore,,british,post-hardcore
luciano pavarotti,1,opera,Classical,tenor,italian,Italian Opera
lucky chops,2,brass,instrumental,brass band,,jazz
lupa,1,chinese,electronic,reggae,Fusion,techno
lynyrd skynyrd,1,classic rock,Southern Rock,rock,hard rock,70s
mgmt,1,electronic,indie,psychedelic,alternative,indie pop
monatik,4,pop,Ukrainian,,Ukraine,dance
machine gun kelly,3,Hip-Hop,rap,pop punk,american,Hip-Hop
madball,1,hardcore,nyhc,,hardcore punk,metalcore
madness,1,ska,80s,british,new wave,
maeder,3,hard rock,,rock,under 2000 listeners,investigate
maglore,1,indie,alternative rock,brazil,rock,Bahia Rock
mamonas assassinas,1,rock,brazil,comedy,brazil,humour
mancha verde,5,carnaval,palmeiras,A MANCHA ESTA EM FESTA,CHORA BIXARADA,MEU PALMEIRAS VI JOGA
manic street preachers,1,rock,britpop,,alternative rock,indie
manowar,3,heavy metal,Power metal,metal,true metal,epic metal
mantra,1,chaotic hardcore,post-hardcore,thrash metal,Hip-Hop,psytrance
marilyn manson,7,industrial,industrial metal,metal,rock,alternative
maroon 5,2,rock,pop,pop rock,alternative,alternative rock
marsicans,1,indie rock,indie,,indie pop,england
marvin gaye,2,soul,motown,funk,rhythm and blues,rnb
massacration,1,heavy metal,METAAAAAAAAAAAAAAAAAAAAAAAAAAAAAL,comedy,brazil,metal
mastodon,8,Progressive metal,metal,Sludge,,sludge metal
matanza,12,countrycore,hardcore,brazil,rock,country
matchbook romance,1,emo,rock,alternative,punk,
maximun the hormone,1,punk,maximun the hormone,japan,hardcore punk,mistagged
mayday parade,1,pop punk,emo,rock,alternative,alternative rock
me first and the gimme gimmes,2,punk,punk rock,covers,,punk covers
meagdeth,1,tornado of souls,,,,
medulla,1,metalcore,rock,russian,alternative metal,brazil
megadeth,22,thrash metal,heavy metal,metal,speed metal,
megaraptor,1,metal,instrumental,Soundtrack,instrumental rock,Nintendocore
melvins,1,Sludge,Grunge,Stoner Rock,rock,metal
memphis may fire,1,post-hardcore,metalcore,Southern Rock,screamo,hardcore
menores atos,1,post-hardcore,emo,melodic hardcore,alternative rock,
metallica,17,thrash metal,metal,heavy metal,hard rock,rock
michael jackson,2,pop,80s,dance,soul,funk
mick jagger,2,rock,classic rock,british,singer-songwriter,male vocalists
mike shinoda,2,Hip-Hop,rock,alternative rock,rap,alternative
milan,1,azeri rock,azerbaijan,rock,AzRock,azeri
miles kane,1,british,indie rock,indie,rock,
millencolin,2,punk rock,,punk,skate punk,swedish
minerva,1,,metal,Nu Metal,Nu-metal,hardcore
mingus big band,1,jazz,Big Band,mingus,bass,genius
misfits,1,horror punk,punk,punk rock,hardcore punk,hardcore
missio,1,electronic,alternative,american,alternative rock,electronic
miyavi,2,J-rock,japanese,visual kei,jrock,Miyavi
mod sun,1,pop punk,Hip-Hop,,rap,hippy hop
modern baseball,2,emo,pop punk,indie,punk,
modestep & teddy killerz,1,dubstep,,,,
molho negro,10,rock,brazil,rock n roll,Power Trio,brazil
molotov,3,rapcore,rock,alternative,mexican,latin
moptop,2,indie,rock,brazil,indie rock,alternative
moscow death brigade,3,underground hip-hop,Hip-Hop,hardcore hip-hop,antifa,rap
motionless in white,8,metalcore,post-hardcore,screamo,hardcore,metal
motley crue,1,hard rock,heavy metal,glam rock,Glam Metal,80s
motorocker,2,hard rock,rock n roll,brazil,rock,heavy metal
motörhead,30,heavy metal,hard rock,metal,speed metal,
mountain,1,classic rock,hard rock,blues rock,rock,Southern Rock
mowgly,2,jungle,Ragga Jungle,Drum and bass,Drum and bass,breakbeat
mud,1,glam rock,70s,rock,classic rock,oldies
muddy waters,1,blues,Chicago Blues,Classic Blues,delta blues,guitar
mudvayne,1,Nu Metal,metal,alternative metal,Nu-metal,rock
mulamba,1,girl power,female,rock,brazil,brazil
muse,43,alternative rock,rock,alternative,Progressive rock,
mushroomhead,1,Nu Metal,metal,alternative metal,industrial metal,industrial
mxpx,3,punk,punk rock,,pop punk,rock
my chemical romance,11,rock,emo,alternative,punk rock,punk
my darkest days,3,alternative rock,post-grunge,rock,modern rock,alternative
myles kennedy,1,rock,folk,blues,hard rock,post-grunge
myrath,6,Progressive metal,oriental metal,tunisian,folk metal,metal
måneskin,9,rock,glam rock,italian,Funk Rock,alternative rock
mötley crüe,4,hard rock,heavy metal,Glam Metal,80s,rock
nofx,7,punk,punk rock,,ska punk,ska
nx zero,5,rock,emo,brazil,emocore,hardcore
nazareth,1,classic rock,hard rock,rock,70s,heavy metal
neck deep,1,pop punk,punk rock,rock,hardcore,alternative rock
neffex,1,electronic,Hip-Hop,alternative,rap,american
nem liminha ouviu,1,rock n roll,brazil,,,
nervosa,1,thrash metal,Female fronted metal,brazil,,Brazilian thrash metal
nevermore,1,Progressive metal,thrash metal,metal,Power metal,heavy metal
new found glory,4,pop punk,,punk,punk rock,rock
new years day,2,female vocalist,pop punk,rock,alternative,alternative rock
new york dolls,1,glam rock,punk,proto-punk,punk rock,rock
nickelback,10,rock,alternative rock,hard rock,alternative,canada
nico vega,4,female vocalist,indie rock,rock,indie,alternative
night spins,3,garage pop,,,,
nightwish,2,symphonic metal,Power metal,Gothic Metal,metal,Female fronted metal
nik nocturnal,1,metalcore,Progressive metal,Nu Metal,Progressive Metalcore,canada
nine inch nails,3,industrial,industrial rock,rock,alternative,electronic
nine lashes,5,alternative rock,post-grunge,alternative metal,alternative,Progressive rock
nirvana,11,Grunge,rock,alternative,alternative rock,90s
no doubt,3,rock,pop,ska,alternative,female vocalist
no resolve,2,modern rock,alternative rock,post-grunge,rock,american
no vacancy,1,rock,hard rock,Soundtrack,alternative rock,fictional
noize mc,1,Hip-Hop,rapcore,rap,russian,russian rap
nonpoint,3,Nu Metal,metal,hard rock,rock,Nu-metal
norman greenbaum,1,classic rock,rock,70s,60s,oldies
northward,1,black metal,atmospheric black metal,hard rock,depressive black metal,rock
nothing but thieves,8,,alternative rock,rock,indie rock,indie
nothing more,5,Progressive rock,alternative rock,alternative metal,rock,alternative
nova twins,3,punk,punk rock,Nu Metal,Hip-Hop,
nove zero nove,1,rock,brazil,male vocalists,,
o grilo,5,indie rock,indie,rock,alternative,alternative rock
o surto,2,rock,brazil,hardcore,punk rock,brazil
ok go,3,indie,indie rock,rock,alternative,
oasis,4,britpop,rock,british,alternative,indie
ocean grove,2,Nu Metal,hardcore,metalcore,alternative metal,australian
odio,1,punk,hardcore,hardcore punk,d-beat,raw punk
of mice & men,2,post-hardcore,metalcore,,alternative metal,not screamo
official hige dandism,2,japanese,j-pop,pop rock,J-rock,Soundtrack
oliver tree,1,electronic,electropop,indie pop,Hip-Hop,pop rock
once monsters,2,alternative,Nice music,discoverunsigned,,
one ok rock,2,J-rock,japanese,rock,jrock,japanese rock
one republic,1,alternative,indie,pop rock,rock,alternative rock
oomph!,1,industrial metal,industrial,german,metal,rock
origem da alma,1,RapMetal,Nu Metal,,,
os seminovos,2,rock,humor,brazil,alternative,punk rock
our lady peace,2,rock,alternative,alternative rock,canada,
our last night,17,post-hardcore,screamo,emocore,hardcore,emo
our waking hour,2,alternative rock,modern rock,alternative metal,rock,alternative
out of black,2,hard rock,alternative metal,christian,,
outkast,1,Hip-Hop,rap,funk,Hip-Hop,soul
ozzy osbourne,12,heavy metal,hard rock,metal,classic rock,rock
p.o.d.,7,Nu Metal,rapcore,rock,alternative,metal
palaye royale,4,alternative,alternative rock,canada,glam rock,indie rock
palina,1,Belarusian,indie,russian,experimental,3
palisades,1,post-hardcore,electronic,metalcore,screamo,emocore
panic! at the disco,3,rock,alternative,emo,pop punk,indie
panicland,4,canada,pop,punk,indie rock,punk rock
pantera,8,thrash metal,metal,groove metal,heavy metal,Power metal
papa roach,20,rock,Nu Metal,alternative rock,alternative,metal
paramore,33,rock,pop punk,alternative,female vocalist,emo
parkway drive,1,metalcore,hardcore,,melodic metalcore,australian
parliament,1,funk,p-funk,soul,70s,Psychedelic Soul
partizan,1,alternative rock,Romanian,rock,,polish
patti labelle,2,soul,female vocalist,rnb,funk,70s
paul mccartney,3,classic rock,rock,british,singer-songwriter,pop
pearl jam,3,Grunge,rock,alternative rock,alternative,90s
pendulum,1,Drum and bass,electronic,Drum and bass,dnb,
pennywise,7,punk,punk rock,,hardcore,rock
pense,1,melodic hardcore,hardcore,hardcore melodico,brazil,hardcore do terceiro mundo
periphery,1,Progressive metal,DJENT,math metal,mathcore,Technical Metal
phantogram,1,trip-hop,electronic,indie,experimental,
pharrell williams,1,Hip-Hop,rnb,rap,Hip-Hop,
pierce the veil,14,post-hardcore,emocore,emo,experimental,
pillar,1,christian rock,rock,alternative rock,christian,alternative
pink fly,1,post-grunge,,,,
pitty,12,rock,female vocalist,brazil,brazil,alternative rock
placebo,1,alternative rock,alternative,rock,,indie
plain white t's,1,indie,rock,pop punk,alternative,
player,1,70s,soft rock,rock,classic rock,Drum and bass
ploho,1,post-punk,coldwave,russian,Russian Post-Punk,
poets of the fall,1,rock,alternative rock,finnish,alternative,
poison,2,hard rock,Glam Metal,80s,rock,classic rock
pokey lafarge,1,,folk,blues,singer-songwriter,ragtime
polyphia,1,Progressive metal,instrumental,DJENT,math metal,math rock
pomme,1,french,chanson,pop,folk,female vocalist
ponto nulo no céu,1,metalcore,Nu Metal,alternative metal,brazil,new metal
pop evil,6,post-grunge,alternative rock,hard rock,rock,alternative
poppy,1,pop,Nu Metal,metal,electropop,electronic
porcupine,1,hardcore,hardcore punk,chaotic hardcore,rock,alternative
pornofilm,1,nesodden,,,,
powerman 5000,2,industrial metal,metal,industrial,Nu Metal,rock
powerwolf,3,Power metal,heavy metal,german,metal,
pretty vicious,6,Garage Rock,rock,alternative rock,indie rock,punk rock
priestess,4,Stoner Rock,hard rock,rock,canada,metal
primal fear,1,Power metal,heavy metal,speed metal,metal,german
primus,1,funk metal,alternative,alternative rock,rock,funk
project46,2,metalcore,groove metal,hardcore,brazil,metal
propagandhi,1,punk,punk rock,hardcore punk,political,hardcore
prophets of rage,9,,rapcore,crossover,Hip-Hop,rap
psychedelic porn crumpets,2,Psychedelic Rock,Garage Rock,psychedelic,Stoner Rock,australian
psycho synner,1,satanic,industrial metal,industrial rock,art rock,avantgarde
puddle of mudd,1,rock,alternative rock,post-grunge,Grunge,alternative
purgen,2,punk,hardcore punk,russian punk,punk rock,punk hardcore
queen,10,classic rock,rock,80s,hard rock,glam rock
queens of the stone age,13,Stoner Rock,rock,alternative rock,,hard rock
quiet riot,1,heavy metal,hard rock,Glam Metal,rock,metal
r.e.m.,2,rock,alternative rock,alternative,indie,
rage against the machine,32,rock,alternative rock,alternative,political,metal
red hot chili peppers,90,rock,alternative rock,alternative,Funk Rock,funk
rpm,1,rock,80s,brazil,brazil,brazil
run dmc,2,Hip-Hop,old school,rap,80s,east coast rap
racing,3,rock,alternative,New Zealand,All,
raimundos,18,hardcore,rock,punk rock,brazil,brazil
rain paris,3,rock,electronic,pop,alternative rock,sexy
rainbow,1,hard rock,classic rock,heavy metal,rock,metal
raised fist,1,hardcore,,hardcore punk,swedish,punk
rammstein,30,industrial metal,metal,industrial,german,rock
ramones,19,punk,punk rock,rock,70s,classic rock
rancid,3,punk,punk rock,ska punk,ska,
rangers,1,Lo-Fi,psychedelic,experimental,chillwave,Czech
rascal flatts,1,country,rascal flatts,country pop,rock,pop
raspberries,1,rock,power pop,classic rock,spotify,Soundtrack
ratos de porão,1,hardcore,crossover,hardcore punk,punk,thrash metal
ratt,2,hard rock,Glam Metal,Glam Metal,80s,heavy metal
ravdina,1,female vocalist,russian,alternative metal,4,english
ray charles,2,jazz,soul,blues,rhythm and blues,piano
ray luzier,1,,drums,Nu Metal,,
real madrid,1,spanish,football,hala madrid,,soccer
reckless love,1,hard rock,glam rock,,Glam Metal,finnish
red,3,alternative rock,christian rock,rock,hard rock,alternative
red fang,4,Stoner Rock,stoner metal,,stoner,hard rock
red sun rising,2,hard rock,rock,post-grunge,,psychill
redbone,1,classic rock,70s,rock,funk,oldies
reel big fish,1,ska,ska punk,,punk,rock
refused,1,hardcore,punk,post-hardcore,hardcore punk,swedish
reignwolf,2,blues rock,Garage Rock,blues,canada,
relic hearts,4,rock,alternative rock,post-hardcore,rv 2017,
renee phoenix,1,hard rock,rock,alternative rock,female vocalist,female vocal
rev theory,1,hard rock,rock,alternative rock,post-grunge,alternative
richie kotzen,1,rock,guitar virtuoso,hard rock,guitar,Fusion
riot,1,heavy metal,speed metal,Power metal,hard rock,metal
rise against,34,punk rock,punk,melodic hardcore,hardcore,
rise of the northstar,1,hardcore,beatdown hardcore,beatdown,french,rapcore
rival sons,20,blues rock,hard rock,,rock,classic rock
rivals,2,alternative rock,metalcore,rock,punk,hardcore
river plate,3,el mejor de argentina lejos,,,,
rob zombie,8,industrial metal,metal,industrial,hard rock,rock
robert delong,1,,electronic,Drum and bass,electro,american
rock mafia,1,pop,indie,soul,rock,funk
rocken dogs,1,rock,hungarian,,,
rockwell,1,Drum and bass,80s,pop,electronic,dance
rolling stones,7,classic rock,rock,60s,70s,rock'n'roll
roma,1,instrumental hip-hop,DarkLight,Milled Pavement,Hip-Hop,Hip-Hop
romes,1,indie pop,canada,funk,electronic,indie
ron gallo,2,Garage Rock,indie rock,blues,,indie
ronda,1,pop,rock,alternative,alternative rock,folk
roy orbison,1,classic rock,oldies,rockabilly,60s,rock
royal blood,31,rock,alternative rock,Garage Rock,,blues rock
royal republic,1,,rock,swedish,hard rock,Garage Rock
rumatera,1,italian,rock,punk rock,rock boaro,punk
rupert holmes,1,pop,soft rock,70s,classic rock,one hit wonder
rush,2,Progressive rock,classic rock,hard rock,rock,Progressive
russkaja,9,,ska,russian,ska punk,austrian
shvpes,1,metalcore,post-hardcore,alternative metal,alternative rock,metal
soil,1,metal,hard rock,Nu Metal,alternative metal,rock
sr-71,2,rock,punk rock,alternative,pop punk,punk
sun,1,funk,rock,alternative rock,soul,german
sabaton,2,Power metal,heavy metal,,metal,swedish
said the whale,2,canada,indie,indie rock,indie pop,
saint agnes,1,rock,UK,Garage Rock,london,
saint asonia,1,alternative rock,post-grunge,hard rock,rock,alternative
saint motel,2,indie,indie rock,,indie pop,american
saliva,2,hard rock,rock,Nu Metal,alternative rock,metal
sam fender,1,indie rock,,british,rock,indie
sammy hagar,1,hard rock,rock,classic rock,heavy metal,metal
san lorenzo,1,rock,,indie,punk,reggae
sandy e junior,1,pop,pop rock,dance,00s,brazil
sanitário sexy,1,rock,punk,ska,psychedelic,brazil
santa cruz,1,,hard rock,Glam Metal,glam rock,finnish
santa esmeralda,1,Disco,latin,70s,Soundtrack,rock
saturno,1,black metal,Technical Death Metal,death metal,Italy,raw black metal
saytr play,2,indie pop,indie rock,,,
scalene,3,rock,hardcore,brazil,alternative rock,post-hardcore
scandal,1,J-rock,japanese,j-pop,rock,new wave
scars on broadway,4,alternative rock,alternative metal,rock,alternative,metal
scatolove,3,indie,brazil,pop rock,,
scott pilgrim,1,rock,,,,
seether,11,rock,alternative rock,hard rock,Grunge,alternative
selvagens à procura de lei,2,indie rock,indie,brazil,brazil,rock
septicflesh,1,death metal,symphonic death metal,atmospheric death metal,Melodic Death Metal,
sepultura,3,thrash metal,metal,death metal,brazil,heavy metal
set it off,4,pop punk,Power pop,rock,alternative,
seu cuca,1,rock,brazil,brazil,reggae,seu cuca
sex pistols,15,punk,punk rock,british,70s,rock
shaman's harvest,8,hard rock,rock,Southern Rock,alternative rock,post-grunge
sheafs,1,,alternative rock,indie rock,post-punk,punk rock
shinedown,30,rock,hard rock,alternative rock,post-grunge,alternative
sick of it all,1,hardcore,,nyhc,hardcore punk,punk
sick puppies,4,alternative rock,rock,alternative,hard rock,australian
sick tamburo,1,punk rock,post-punk,,indie rock,female vocalist
silverchair,1,Grunge,rock,alternative rock,alternative,australian
silversun pickups,1,indie rock,indie,alternative,shoegaze,
simple plan,7,rock,pop punk,punk rock,punk,emo
simpsons,1,children s-childrens,,,,
sin shake sin,3,alternative rock,rock,indie rock,american,music i tried but didnt like
sioux 66,2,rock,alternative,hard rock,brazil,brazil
sir sly,3,indie,electronic,indie rock,indie pop,rock
sixx a.m.,1,alternative rock,rock,melodic metal,male vocalist,great guitar and voice
skank,5,rock,brazil,pop rock,brazil,pop
skating polly,1,punk,punk rock,rock,riot grrrl,
skid row,1,hard rock,heavy metal,Glam Metal,80s,rock
skillet,13,christian rock,alternative rock,rock,alternative,christian
skindred,2,reggae metal,metal,reggae,,rapcore
slash,1,hard rock,rock,guitar,80s,
slaves,15,post-hardcore,,punk,alternative rock,rock
slayer,3,thrash metal,metal,,speed metal,heavy metal
sleep token,1,Progressive metal,Progressive rock,alternative metal,DJENT,alternative rock
sleeping with sirens,6,post-hardcore,screamo,emocore,experimental,hardcore
slipknot,21,Nu Metal,metal,heavy metal,,Nu-metal
smash into pieces,2,alternative rock,rock,hard rock,post-grunge,swedish
smash mouth,7,rock,alternative,alternative rock,ska,pop
social distortion,3,punk,punk rock,,rockabilly,rock
sonata arctica,1,Power metal,metal,melodic metal,finnish,symphonic metal
sons of texas,1,,hard rock,metal,Southern Rock,american
sorority noise,1,emo,indie rock,punk,indie,
soulfly,1,thrash metal,metal,,Nu Metal,metalcore
soundgarden,2,Grunge,rock,alternative rock,alternative,hard rock
spinal tap,3,heavy metal,hard rock,comedy,rock,metal
spinnerette,1,female vocalist,punk,alternative rock,punk rock,rock
spiritbox,3,metalcore,Progressive Metalcore,DJENT,Progressive metal,canada
stabbing westward,1,industrial,industrial rock,rock,alternative,alternative rock
starbenders,1,glam rock,punk,Garage Rock,garage,rock n roll
starset,1,alternative rock,electronic rock,space rock,electronic,rock
state champs,1,pop punk,Easycore,,alternative rock,Pop-punk
static-x,2,industrial metal,metal,Nu Metal,industrial,rock
stealers wheel,1,classic rock,rock,70s,folk,oldies
steel panther,6,Glam Metal,hard rock,heavy metal,Glam Metal,
steppenwolf,1,classic rock,rock,hard rock,60s,psychedelic
stereopony,1,J-rock,japanese,j-pop,anime,female vocalist
stevie nicks,1,female vocalist,classic rock,rock,singer-songwriter,80s
stevie ray vaughan,1,blues,blues rock,guitar,classic rock,rock
stevie wonder,1,soul,funk,motown,pop,rnb
stitched up heart,1,alternative rock,female vocalist,alternative metal,hard rock,alternative
stolen byrds,1,hard rock,brazil,brazil,rock brasil,brazil
stone sour,7,hard rock,metal,alternative metal,Nu Metal,rock
stone temple pilots,2,Grunge,rock,alternative rock,alternative,90s
story untold,9,pop punk,alternative,canada,punk,alternative rock
strange bones,2,punk,noise rock,indie,UK,Drum and bass
stray from the path,1,mathcore,hardcore,chaotic hardcore,metalcore,
strike,6,rock,brazil,pop punk,hardcore,dance
stromae,1,electronic,dance,belgian,french,electronic
stu hamm,1,bass,instrumental rock,instrumental,virtuosos,guitar
suasion,1,metalcore,Progressive Metalcore,electronic,belgian,rock
sublime,1,ska,reggae,punk,rock,alternative
subsonica,1,italian,electronic,alternative,rock,
sugar kane,1,hardcore,melodic hardcore,punk rock,brazil,punk
sum 41,30,punk rock,punk,pop punk,rock,alternative
sumo cyco,4,rock,hard rock,alternative,female vocalist,canada
supercombo,3,indie,rock,brazil,Power pop,indie rock
supergrass,1,britpop,indie,rock,british,alternative
survivor,1,rock,classic rock,80s,hard rock,AOR
sweet,2,glam rock,classic rock,70s,rock,hard rock
system of a down,23,metal,alternative metal,rock,Nu Metal,alternative
the s.l.p.,1,Hip-Hop,rock,british,alternative,indie rock
tx2,4,rock,alternative,post-hardcore,Trash,The King
take the day,1,pop punk,alternative metal,alternative rock,alt. metal,pop
taking back sunday,1,emo,rock,,alternative,punk
talco,3,ska,ska punk,italian,,ska-punk
taproot,1,Nu Metal,alternative rock,rock,alternative,metal
tarja turunen,1,symphonic metal,female vocalist,finnish,Female fronted metal,Classical
tasters,1,metalcore,electronic,hardcore,modern metal,italian
tenacious d,7,rock,comedy,hard rock,alternative rock,alternative
the all-american rejects,3,rock,alternative,pop punk,emo,punk
the amity affliction,2,post-hardcore,hardcore,australian,emocore,screamo
the animal in me,1,post-hardcore,female vocalist,electronic,melodic metalcore,metal
the animals,1,classic rock,60s,rock,british,oldies
the armed,1,mathcore,chaotic hardcore,hardcore,post-hardcore,punk
the avalanche,1,shoegaze,Norway,rock,norwegian,dreampop
the baggios,2,blues rock,rock,brazil,Blues Brasil,
the band camino,1,alternative,indie rock,indie,,pop
the beatles,20,classic rock,rock,british,60s,pop
the best of me,1,noisecore,,great,awful,noisecole
the black cheetahs,1,electronic,alternative,noise rock,post-punk,Avant-Garde
the black crowes,2,rock,Southern Rock,blues rock,hard rock,classic rock
the black keys,12,blues rock,blues,rock,indie,indie rock
the black moods,1,rock,hard rock,american,Rock Music,arizona rock
the blue stones,2,blues rock,Garage Rock,rock,blues,canada
the blues brothers,1,blues,rhythm and blues,soul,Soundtrack,rock
the bombpops,2,punk rock,pop punk,punk,female vocalist,american
the cadillac black,1,blues rock,rock,country rock,american,Southern Rock
the casualties,4,punk,street punk,hardcore punk,punk rock,Oi
the chats,2,punk rock,punk,australian,Garage Rock,shed rock
the clash,6,punk,punk rock,british,rock,classic rock
the coasters,1,oldies,rock n roll,soul,60s,rockabilly
the cult,1,hard rock,rock,Gothic Rock,80s,classic rock
the damned things,1,hard rock,Southern Rock,rock,metal,alternative
the dandy warhols,1,indie,rock,alternative,indie rock,alternative rock
the darkness,1,rock,hard rock,glam rock,,british
the dead daisies,2,hard rock,,rock,classic rock,australia
the dead kennedys,1,punk,live,,,
the dead weather,4,Garage Rock,rock,alternative,Stoner Rock,jack white
the devil wears prada,1,metalcore,hardcore,screamo,Christian Metalcore,christian
the dirty youth,1,alternative rock,hard rock,female vocalist,rock,alternative
the distillers,3,punk,punk rock,female vocalist,rock,alternative
the donnas,1,rock,female vocalist,punk rock,punk,
the dust coda,1,hard rock,metal,rock,,
the enemy,3,indie,indie rock,british,,rock
the exploited,2,punk,hardcore punk,punk rock,street punk,hardcore
the foundations,1,oldies,soul,60s,motown,pop
the fratellis,1,indie,indie rock,british,rock,alternative
the greenhornes,1,Garage Rock,indie rock,rock,indie,alternative
the hu,3,folk metal,folk rock,mongolian,folk,rock
the heavy,3,funk,soul,indie,rock,blues
the hives,4,,rock,Garage Rock,indie,swedish
the individuals,1,indie,soul,funk,60s garage,indie pop
the international noise conspiracy,1,indie rock,,,,
the interrupters,9,ska punk,ska,,punk,punk rock
the isley brothers,1,soul,funk,motown,rhythm and blues,rnb
the jackson 5,2,soul,motown,pop,funk,70s
the jon spencer blues explosion,1,rock,blues rock,blues,,alternative
the killers,1,indie,rock,indie rock,alternative,alternative rock
the kinks,1,classic rock,60s,rock,british,british invasion
the knack,1,rock,new wave,classic rock,power pop,80s
the kooks,1,indie,indie rock,british,britpop,
the lazys,4,,rock,hard rock,australian,punk rock
the letter black,1,alternative rock,female vocalist,hard rock,rock,alternative metal
the living end,8,,punk,punk rock,australian,rockabilly
the longshot,2,pop punk,rock,american,punk,power pop
the magpie salute,2,Southern Rock,blues rock,rock,american,
the marcels,1,oldies,doo wop,60s,rock n roll,rock n roll
the marvelettes,1,motown,soul,60s,female vocalist,oldies
the messenger birds,2,alternative rock,indie rock,Garage Rock,,rock
the misfits,2,horror punk,punk,punk rock,80s,old school
the motorleague,1,,rock,pop rock,punk rock,pop punk
the mysterines,1,rock,female vocalist,indie,alternative rock,indie pop
the mönic,1,punk,Grunge,alternative rock,,
the native howl,1,folk,bluegrass,rock,country,heavy metal
the nearly deads,1,rock,female vocalist,alternative,hard rock,pop rock
the neighbourhood,1,indie,indie rock,indie pop,rock,
the offspring,15,punk rock,punk,rock,alternative,alternative rock
the one hundred,3,rapcore,metalcore,electronic,post-hardcore,Nu Metal
the orwells,1,Garage Rock,indie rock,indie,Lo-Fi,
the pale white,4,indie rock,british,britpop,rock,
the paranoyds,1,Garage Rock,punk rock,punk,american,garage
the phantoms,1,rockabilly,ska,russian,,indie
the presidents of the usa,3,alternative rock,,,,
the pretty reckless,18,rock,alternative,female vocalist,post-grunge,indie rock
the qemists,2,Drum and bass,electronic,ninja tune,Drum and bass,dnb
the raconteurs,7,rock,alternative rock,alternative,indie rock,
the rasmus,1,rock,alternative rock,finnish,alternative,
the raven age,3,,melodic metal,metalcore,metal,alternative metal
the raveonettes,1,indie,indie rock,,danish,alternative
the red jumpsuit apparatus,1,alternative,emo,rock,pop punk,screamo
the regrettes,4,,female vocalist,pop rock,punk rock,pop punk
the rolling stones,6,classic rock,rock,british,60s,blues
the sidh,1,electronic,rock,italian,celtic,Celtic Modern Music
the score,2,freakbeat,mod,rock,alternative,60s Psychedelic
the shelters,1,indie rock,indie,blues rock,Southern Rock,indiepop
the smashing pumpkins,2,alternative rock,rock,alternative,Grunge,90s
the sore losers,1,,rock,belgian,Belgium,blues
the spinners,1,soul,motown,funk,70s,oldies
the starting line,1,pop punk,emo,,rock,alternative
the steve miller band,1,rock,classic rock,70s,Psychedelic Rock,60s
the stone roses,1,britpop,indie,madchester,rock,alternative
the stray cats,1,rockabilly,rock,blues,garage,rock n roll
the strokes,4,indie rock,rock,indie,alternative,alternative rock
the struts,4,rock,,british,glam rock,indie
the subways,2,indie rock,indie,,british,rock
the sword,1,doom metal,stoner metal,Stoner Rock,heavy metal,metal
the temperance movement,1,rock,blues rock,,hard rock,classic rock
the temptations,2,soul,motown,funk,oldies,rnb
the toadies,1,rock,toadies,,,
the turtles,1,60s,classic rock,rock,oldies,pop
the undertones,1,punk,punk rock,new wave,irish,rock
the used,2,emo,screamo,rock,alternative,
the veer union,1,alternative rock,hard rock,rock,modern rock,alternative
the vines,5,rock,indie,indie rock,alternative,alternative rock
the vintage caravan,1,Stoner Rock,hard rock,,classic rock,icelandic
the von bondies,1,Garage Rock,indie,indie rock,rock,alternative
the warning,1,hard rock,rock,mexico,hardcore punk,streetpunk
the weeknd,1,rnb,electronic,dubstep,canada,prog-rnb
the whispers,2,soul,funk,Disco,80s,pop
the white stripes,20,rock,alternative,alternative rock,indie,indie rock
the who,15,classic rock,rock,british,60s,hard rock
the wild!,1,hard rock,canada,rock-hard,,
the wombats,2,indie,,british,indie rock,britpop
the zasters,1,indie,indie rock,brazil,,
theme song,7,accidently awesome,,,,
theory of a deadman,1,rock,alternative rock,post-grunge,hard rock,alternative
these grey men,2,metal,rock,alternative rock,hard rock,alternative metal
thousand below,1,post-hardcore,metalcore,alternative rock,hardcore,american
thousand foot krutch,5,alternative rock,christian rock,rock,alternative,christian
three days grace,18,alternative rock,rock,alternative,hard rock,metal
thrice,5,post-hardcore,rock,,emo,hardcore
tihuana,5,rock,brazil,brazil,hardcore,brazil
tim maia,2,soul,mpb,funk,brazil,brazil
tinariwen,1,african,world,mali,blues,World Music
titãs,1,rock,brazil,brazil,80s,brazil
todd barriage,1,alternative,hardcore,pop rock,acoustic,canada
tokio hotel,1,rock,german,gay,pop rock,female vocalist
tom morello,1,rock,great guitarists,alternative,guitarists,
tom petty,2,classic rock,rock,singer-songwriter,80s,folk
tommaso paradiso,1,pop,singer-songwriter,pop rock,italian,Italy
tool,10,Progressive metal,Progressive rock,metal,alternative,rock
toothgrinder,1,Progressive metal,mathcore,hardcore,experimental,metalcore
toy dolls,1,punk,punk rock,british,ska,punk'n'roll
train,1,rock,alternative rock,alternative,pop,indie
transplants,1,punk,punk rock,alternative,rock,rap
trapdoor social,3,indie,under 2000 listeners,,alternative rock,Awesome
trapt,1,rock,alternative rock,alternative,hard rock,post-grunge
trela,2,rock,rap,hiphop,cpm22,charlie brown jr
tremonti,1,alternative metal,hard rock,metal,thrash metal,speed metal
trivium,2,metalcore,thrash metal,metal,,heavy metal
trust,2,synthpop,electronic,hard rock,french,darkwave
trust company,1,alternative rock,Nu Metal,alternative,rock,alternative metal
turisas,1,folk metal,viking metal,battle metal,,finnish
turnover,1,pop punk,emo,dream pop,indie,indie rock
twelve foot ninja,2,alternative metal,experimental,Progressive metal,alternative rock,funk
twenty one two,2,pop punk,covers,alternative rock,pop rock,rock
twin pumpkin,5,indie,rock,indie rock,brazil,rock contemporaneo
twisted sister,2,hard rock,heavy metal,Glam Metal,80s,rock
two door cinema club,1,indie,electronic,british,alternative,
two feet,2,indie,blues rock,electronic,american,alternative
týr,1,folk metal,viking metal,Progressive metal,pagan metal,
u2,7,rock,classic rock,irish,pop,alternative
ugly kid joe,2,hard rock,rock,alternative rock,90s,metal
underoath,2,screamo,post-hardcore,hardcore,metalcore,
unprocessed,1,Progressive metal,DJENT,german,metalcore,
vampire weekend,3,indie,indie rock,indie pop,,alternative
van halen,10,hard rock,classic rock,rock,80s,heavy metal
vance joy,1,folk,indie,singer-songwriter,australian,acoustic
vasco da gama,1,heavy metal,alt rock,portuguese metal,rock,alternative
velvet revolver,4,hard rock,rock,alternative rock,,alternative
vespas mandarinas,4,rock,brazil,indie,alternative,brazil
vesuvius,2,hard rock,rock,80s,classic rock,metal
viagra boys,2,post-punk,Crank wave,egg punk,dance-punk,
vikings,2,heavy metal,hardcore,hard rock,old school,dutch
village people,1,Disco,pop,70s,80s,gay
violent new breed,1,rock,metalcore,punk,punk rock,horror punk
violet soda,8,rock,Grunge,brazil,alternative rock,brazil
vivendo do ócio,3,indie,brazil,indie rock,rock,alternative
volbeat,14,,heavy metal,metal,rockabilly,elvis metal
vundabar,1,indie rock,surf rock,Garage Rock,boston,indie
war,1,funk,soul,black metal,classic rock,rock
warlock,1,heavy metal,hard rock,Female fronted metal,metal,german
warrant,2,hard rock,Glam Metal,80s,heavy metal,rock
waterparks,3,pop punk,,rock,pop rock,pop
we are harlot,1,hard rock,rock,,alternative rock,alternative
we the kings,3,pop punk,Power pop,alternative,pop rock,
weezer,6,rock,alternative,alternative rock,indie,indie rock
weighbridge,1,australian,post-hardcore,metalcore,Easycore,
weird al yankovic,3,comedy,parody,fucking amazing,humour,80s
wham,1,80s,pop,oldies,rock,christmas
wheatus,1,rock,alternative,alternative rock,pop,indie
while she sleeps,12,metalcore,melodic hardcore,hardcore,melodic metalcore,
whiplash,3,thrash metal,speed metal,heavy metal,thrash,metal
white reaper,1,Garage Punk,Garage Rock,punk rock,,punk
whitesnake,2,hard rock,classic rock,rock,80s,Glam Metal
wild cherry,1,funk,Disco,70s,soul,rock
wildstreet,1,hard rock,sleaze rock,glam rock,Glam Metal,american
wind rose,1,Power metal,Progressive metal,folk metal,symphonic metal,
within temptation,2,symphonic metal,Gothic Metal,Female fronted metal,metal,Gothic
wolfmother,11,rock,hard rock,Stoner Rock,,australian
written by wolves,1,alternative rock,New Zealand,rock,industrial rock,modern rock
x ambassadors,1,indie,pop,,electronic,indie pop
yellowcard,2,punk rock,rock,pop punk,punk,emo
yerba brava,1,cumbia,Cumbia villera,southern elite circle,argentinian black metal,yerba brava
yngwie malmsteen,1,guitar virtuoso,heavy metal,Power metal,metal,guitar
yonaka,6,indie rock,rock,alternative rock,british,pop rock
you me at six,3,pop punk,rock,,pop rock,Power pop
young guns,1,alternative rock,rock,,post-hardcore,alternative
young the giant,1,indie rock,indie,rock,american,
youngblood hawke,1,indie,indie pop,electronic,pop,alternative
younger hunger,1,alternative,indie pop,indie rock,american,american
your broken hero,1,emo,pop punk,post-hardcore,emo punk,rock
youth,1,dub,ambient,psytrance,downtempo,psychill
yungblud,2,indie rock,indie,british,rock,alternative
zsk,1,punk,punk rock,,skatepunk,deutschpunk
zz top,4,classic rock,blues rock,rock,Southern Rock,hard rock
zac brown band,1,country,modern country,zac brown band,Southern Country,Country Favorites
zander,3,hardcore,brazil,melodic hardcore,,alternative
zebrahead,10,punk rock,punk,pop punk,rapcore,rock
zimbra,2,alternative,rock,brazil,brazil,indie
[spunge],2,ska,ska punk,punk,,punk rock
jxdn,2,,rock,pop punk,emo rap,american
qbo,1,Nu Metal,metal,rock,mexican,alternative
ария,1,heavy metal,russian,russian,metal,rock
би-2,1,russian,rock,russian,pop rock,alternative
звери,1,russian,pop rock,russian,pop rock,pop
земфира,1,russian,russian,rock,female vocalist,Zemfira
калевала,2,folk metal,russian,pagan metal,Russian Folk Metal,folk
король и шут,1,punk rock,russian,punk,russian,rock
любэ,1,russian,russian,rock,folk,lube
мастер,1,thrash metal,heavy metal,russian,russian metal,metal
мураками,1,rock,russian,female vocalist,female vocal,kazan
муслим магомаев,1,Retro,Soviet,russian,60s,jazz
океан ельзи,1,Ukrainian,rock,ukrainian rock,pop rock,indie
отава ё,1,folk,folk rock,russian,Russia,
папин олимпос,1,indie,govno,electronic,pop,punk
полматери,2,black metal,russian,industrial jungle pussy punk,govno,mollycore
пасош,1,Lo-Fi,russian,punk,,post-punk
порнофильмы,1,punk rock,punk,russian,Grunge,pop punk
слот,1,alternative,russian alternative,russian,Nu-metal,rapcore
элизиум,1,ska punk,ska,russian,ska-punk,punk
††† (crosses),1,electronic,alternative,experimental,ambient,Deftones
